cluster_id,complaint_count,pending_ratio,high_priority_ratio,medium_or_high_ratio,avg_density_score,risk_score,risk_level,dominant_category,center_lat,center_lng
48,12,1.0,1.0,1.0,0.9166887992683342,0.9666755197073338,HIGH,Streetlight,40.788571744380185,-73.78363776417295
75,10,0.6,0.6,0.6,0.6001609261266537,0.6000643704506614,HIGH,Streetlight,40.674926805854554,-73.78576261871277
74,22,0.6818181818181818,0.0,0.6818181818181818,0.2769935354881566,0.5198883232861717,HIGH,Drainage,40.588496037712865,-73.95141792000503
50,27,0.5555555555555556,0.0,0.5555555555555556,0.3359822915543652,0.4677262499550794,MEDIUM,Water Supply,40.63661440974138,-73.98425932097368
58,18,0.7777777777777778,0.05555555555555555,0.7777777777777778,0.0008285343132818999,0.46699808039197943,MEDIUM,Water Supply,40.7796769864849,-73.91667792162782
28,25,0.52,0.0,0.52,0.2805328536985467,0.4242131414794187,MEDIUM,Waste,40.69150532296523,-73.74211999053792
16,10,0.7,0.0,0.7,0.00043746969988069995,0.4201749878799523,MEDIUM,Water Supply,40.80768752172531,-73.91173987306854
5,22,0.3181818181818182,0.045454545454545456,0.3181818181818182,0.5459843690155183,0.40930283851529825,MEDIUM,Water Supply,40.59965646789343,-73.93621282114499
68,11,0.6363636363636364,0.0,0.6363636363636364,0.0007019970577992091,0.38209898064130143,MEDIUM,Water Supply,40.7085367516903,-73.78083150475891
98,5,0.6,0.0,0.6,0.00036587962247506005,0.36014635184899,MEDIUM,Water Supply,40.63218572244148,-73.92668253188815
69,14,0.07142857142857142,0.0,0.07142857142857142,0.7857863887549958,0.3571716983591412,MEDIUM,Pothole,40.72351862965537,-73.920307908418
45,18,0.1111111111111111,0.0,0.1111111111111111,0.7232907742616677,0.35598297637133375,MEDIUM,Water Supply,40.74201131798695,-73.93377824205271
6,175,0.5257142857142857,0.1657142857142857,0.5371428571428571,0.08671743921332666,0.3535441185424735,MEDIUM,Pothole,40.71527744565639,-73.95165123660598
33,23,0.391304347826087,0.043478260869565216,0.43478260869565216,0.2178531862564213,0.33496736145909023,MEDIUM,Pothole,40.76363717673614,-73.80485683729003
66,9,0.5555555555555556,0.0,0.5555555555555556,0.0004630054815810223,0.3335185355259657,MEDIUM,Pothole,40.69827027411448,-73.8350266157997
79,11,0.5454545454545454,0.09090909090909091,0.5454545454545454,0.0005258243059728273,0.3274830569951164,MEDIUM,Water Supply,40.618058770327345,-73.99020315020188
27,88,0.45454545454545453,0.03409090909090909,0.45454545454545453,0.11434294414232472,0.31846445038420257,MEDIUM,Water Supply,40.71128267996704,-73.80756088382005
87,17,0.5294117647058824,0.058823529411764705,0.5294117647058824,0.00046509032536470586,0.3178330949536753,MEDIUM,Water Supply,40.68455769519296,-73.99503674625268
12,102,0.29411764705882354,0.10784313725490197,0.29411764705882354,0.3240861194748012,0.3061050360252146,MEDIUM,Pothole,40.736178305607076,-73.90260132327528
7,22,0.5,0.0,0.5,0.004203097987477331,0.3016812391949909,MEDIUM,Waste,40.829052430108874,-73.92587528161783
86,8,0.5,0.0,0.5,0.0007990727496938624,0.3003196290998775,MEDIUM,Drainage,40.71711009437699,-73.83741540064025
94,10,0.5,0.0,0.5,0.0004879119097523,0.3001951647639009,MEDIUM,Pothole,40.603823106722224,-73.97171684995297
57,12,0.5,0.0,0.5,0.00042677451453294163,0.3001707098058132,MEDIUM,Drainage,40.61006307786926,-73.94103405766627
97,2,0.5,0.0,0.5,0.00040875105750235,0.30016350042300094,MEDIUM,Water Supply,40.70478032060142,-73.80038280773556
20,112,0.4642857142857143,0.10714285714285714,0.4642857142857143,0.052660623219266345,0.29963567785913514,LOW,Pothole,40.68754353272538,-73.83702037423727
73,17,0.47058823529411764,0.0,0.47058823529411764,0.0008283199331411001,0.282684269149727,LOW,Water Supply,40.596026851840435,-73.98391595218527
24,69,0.4057971014492754,0.08695652173913043,0.4057971014492754,0.07326890441626879,0.27278582263607276,LOW,Pothole,40.68296102265657,-73.86648080531617
31,31,0.45161290322580644,0.3225806451612903,0.45161290322580644,0.0017184221200416295,0.27165511078350046,LOW,Streetlight,40.76010843480931,-73.8306689408156
62,29,0.4482758620689655,0.0,0.4482758620689655,0.0008537260977359208,0.26930700768047366,LOW,Pothole,40.65041515343015,-73.91022853310254
84,25,0.2,0.0,0.2,0.3602939797039999,0.2641175918816,LOW,Water Supply,40.66135852467523,-73.91857148509482
83,16,0.4375,0.0,0.4375,0.001704289540410175,0.2631817158161641,LOW,Pothole,40.72634392844104,-73.84860290762651
72,16,0.4375,0.0625,0.4375,0.0013119516055209563,0.26302478064220836,LOW,Pothole,40.71236606826566,-73.82841908681323
26,23,0.43478260869565216,0.13043478260869565,0.43478260869565216,0.001327547418949126,0.2614005841849709,LOW,Waste,40.67932412636151,-73.89295731101964
4,69,0.30434782608695654,0.043478260869565216,0.30434782608695654,0.18995969533216553,0.25859257378504014,LOW,Pothole,40.73147426108794,-73.87262606671972
85,14,0.42857142857142855,0.07142857142857142,0.42857142857142855,0.0010819470552233784,0.2575756359649465,LOW,Pothole,40.70784526817884,-73.87367639153977
71,14,0.42857142857142855,0.21428571428571427,0.42857142857142855,0.0007999317553669926,0.2574628298450039,LOW,Pothole,40.773724344629905,-73.93216359063811
82,14,0.42857142857142855,0.0,0.42857142857142855,0.0007109906531649285,0.2574272534041231,LOW,Pothole,40.752087702373494,-73.78389565052343
59,10,0.4,0.0,0.4,0.026570877775431156,0.25062835111017245,LOW,Water Supply,40.594157601063046,-73.75408458285712
18,83,0.25301204819277107,0.08433734939759036,0.25301204819277107,0.2443654301751626,0.2495534009857277,LOW,Water Supply,40.67213852163462,-73.98064540142097
10,198,0.3686868686868687,0.12121212121212122,0.3686868686868687,0.05681990161043494,0.24394008185629518,LOW,Waste,40.6710822707778,-73.95534736067088
23,45,0.4,0.0,0.4,0.0011326702611351824,0.24045306810445405,LOW,Waste,40.66942399875338,-73.88359713352969
60,15,0.4,0.06666666666666667,0.4,0.0009730370629686866,0.24038921482518746,LOW,Pothole,40.71349104979954,-73.76959848630675
41,18,0.3888888888888889,0.3333333333333333,0.3888888888888889,0.0006047351240296389,0.23357522738294517,LOW,Waste,40.5799367075972,-73.96174870737441
34,24,0.375,0.041666666666666664,0.375,0.007014744485655075,0.22780589779426202,LOW,Water Supply,40.61125901461509,-73.98137212871895
53,22,0.36363636363636365,0.2727272727272727,0.36363636363636365,0.0032871165189885462,0.2194966647894136,LOW,Water Supply,40.835752066207924,-73.83303752972033
3,11,0.36363636363636365,0.2727272727272727,0.36363636363636365,0.0027656873719270007,0.21928809313058897,LOW,Pothole,40.630940177645265,-74.0203874810591
9,33,0.36363636363636365,0.030303030303030304,0.36363636363636365,0.0005931052598159696,0.21841906028574457,LOW,Pothole,40.714319212903824,-73.85336286448882
21,14,0.35714285714285715,0.07142857142857142,0.35714285714285715,0.0011115132052123002,0.2147303195677992,LOW,Pothole,40.73747835606758,-73.8516841708868
32,12,0.3333333333333333,0.08333333333333333,0.3333333333333333,0.03671299767420796,0.21468519906968317,LOW,Waste,40.875034646736175,-73.87578466752124
61,14,0.35714285714285715,0.0,0.35714285714285715,0.0008218507106376642,0.21461445456996936,LOW,Pothole,40.61381434204872,-73.92227636858489
15,80,0.3125,0.0375,0.3125,0.06386236143502544,0.2130449445740102,LOW,Pothole,40.63894533357345,-73.95318829919226
91,13,0.3076923076923077,0.07692307692307693,0.38461538461538464,0.0005435093305513615,0.20790971142452824,LOW,Water Supply,40.71593460816409,-73.75799463450895
56,16,0.125,0.0,0.125,0.3133953165985144,0.20035812663940578,LOW,Waste,40.809171673456966,-73.92609618980808
77,12,0.3333333333333333,0.0,0.3333333333333333,0.0007850615856790833,0.20031402463427161,LOW,Water Supply,40.71721177896315,-73.88669747484018
40,18,0.3333333333333333,0.16666666666666666,0.3333333333333333,0.0007840701346359723,0.2003136280538544,LOW,Pothole,40.59946281388004,-73.99642216215112
89,12,0.3333333333333333,0.0,0.3333333333333333,0.0004147588176008916,0.20016590352704033,LOW,Waste,40.832127374895244,-73.82025034529478
11,87,0.20689655172413793,0.022988505747126436,0.20689655172413793,0.17579409887163658,0.1944555705831374,LOW,Water Supply,40.74844416626445,-73.94477355257986
8,366,0.2814207650273224,0.12568306010928962,0.2814207650273224,0.06203669088203902,0.19366713536920904,LOW,Water Supply,40.84791530774711,-73.90170642963912
46,28,0.32142857142857145,0.0,0.32142857142857145,0.0004700796153927,0.19304517470329996,LOW,Waste,40.60778746837833,-73.9595983293532
47,16,0.3125,0.0,0.3125,0.009930670282175386,0.19147226811287016,LOW,Water Supply,40.681402204153414,-73.76345540115048
13,16,0.3125,0.0,0.3125,0.001058606260668219,0.1879234425042673,LOW,Pothole,40.68838554429985,-73.9819345773279
49,28,0.25,0.07142857142857142,0.35714285714285715,0.0016679190111023713,0.18281002474729807,LOW,Pothole,40.651061819992954,-73.97732669875431
43,10,0.3,0.0,0.3,0.0013977099217149398,0.18055908396868597,LOW,Pothole,40.70282303215235,-73.73932069464146
76,10,0.3,0.0,0.3,0.00054919832795238,0.18021967933118094,LOW,Water Supply,40.63249628096035,-74.03251568004113
17,67,0.29850746268656714,0.07462686567164178,0.29850746268656714,0.0025556876877203785,0.18012675268702844,LOW,Water Supply,40.75735818201765,-73.86683360498239
78,17,0.29411764705882354,0.0,0.29411764705882354,0.004190069814442095,0.17814661616107097,LOW,Waste,40.68104147151751,-73.79242217236173
42,58,0.29310344827586204,0.017241379310344827,0.29310344827586204,0.0008667372646531207,0.17620876387137846,LOW,Waste,40.64289621744416,-74.00290576211289
22,214,0.22429906542056074,0.028037383177570093,0.2523364485981308,0.053742934269356696,0.16448782791335015,LOW,Water Supply,40.69438523762551,-73.91579556874457
92,11,0.2727272727272727,0.0,0.2727272727272727,0.0006950827915425182,0.1639143967529806,LOW,Pothole,40.646575304666435,-73.90009895137023
80,11,0.2727272727272727,0.09090909090909091,0.2727272727272727,0.0005621027375653819,0.16386120473138976,LOW,Pothole,40.63507889753213,-73.9150212849131
38,11,0.2727272727272727,0.09090909090909091,0.2727272727272727,0.0005385136457745454,0.16385176909467342,LOW,Waste,40.72680588304838,-73.825128139673
37,39,0.2564102564102564,0.1794871794871795,0.2564102564102564,0.0006272993695641359,0.15409707359397948,LOW,Pothole,40.78397366966562,-73.97708560766553
44,28,0.10714285714285714,0.0,0.10714285714285714,0.21523358031002235,0.15037914640972322,LOW,Water Supply,40.60447525594039,-74.08002189576139
81,16,0.25,0.0625,0.25,0.000552197918207625,0.15022087916728305,LOW,Pothole,40.83136150070917,-73.85877831573805
63,8,0.25,0.0,0.25,0.000504133211917475,0.15020165328476698,LOW,Waste,40.81482932650956,-73.9166672929426
2,672,0.23065476190476192,0.13839285714285715,0.23065476190476192,0.02336365623134039,0.1477383196353933,LOW,Pothole,40.76744499074944,-73.97051585431895
36,33,0.24242424242424243,0.12121212121212122,0.24242424242424243,0.0007186773625374728,0.14574201639956044,LOW,Waste,40.70141106378857,-73.79099440220686
30,25,0.24,0.0,0.24,0.0006454451423296,0.14425817805693184,LOW,Pothole,40.55813175722377,-74.1231812850388
95,13,0.23076923076923078,0.0,0.23076923076923078,0.0006795839335990769,0.1387333720349781,LOW,Waste,40.66112901622206,-73.99637370681627
51,18,0.2222222222222222,0.0,0.2222222222222222,0.0007557948946250445,0.13363565129118335,LOW,Pothole,40.748592994769666,-73.88845668756205
19,14,0.21428571428571427,0.0,0.21428571428571427,0.0011679305660777218,0.12903860079785964,LOW,Pothole,40.66639943607658,-73.7403634515467
93,10,0.2,0.1,0.2,0.00345890998785447,0.12138356399514177,LOW,Water Supply,40.55320091167921,-74.15620316678012
88,11,0.18181818181818182,0.0,0.18181818181818182,0.0007593861584663546,0.10939466355429563,LOW,Pothole,40.71219661798224,-73.73183085361993
14,17,0.17647058823529413,0.058823529411764705,0.17647058823529413,0.0005634616430059765,0.10610773759837885,LOW,Pothole,40.70835453954633,-74.00986849598388
25,74,0.16216216216216217,0.04054054054054054,0.16216216216216217,0.013684123757113874,0.10277094680014286,LOW,Pothole,40.76767031624731,-73.91688489892508
90,12,0.16666666666666666,0.08333333333333333,0.16666666666666666,0.003570593697738333,0.10142823747909532,LOW,Pothole,40.75976148994378,-73.77423028092083
35,18,0.16666666666666666,0.16666666666666666,0.16666666666666666,0.0005538371327877611,0.1002215348531151,LOW,Waste,40.9026845039484,-73.84676942506333
39,13,0.15384615384615385,0.0,0.15384615384615385,0.0019500560090189077,0.09308771471129987,LOW,Water Supply,40.87160507403402,-73.86469131318583
29,13,0.15384615384615385,0.07692307692307693,0.15384615384615385,0.00047950521334600766,0.0924994943930307,LOW,Waste,40.85856949682589,-73.86620721627716
52,16,0.125,0.0625,0.125,0.0005045765706740812,0.07520183062826963,LOW,Water Supply,40.86680811549678,-73.92084223237275
67,18,0.1111111111111111,0.0,0.1111111111111111,0.0018684575438756444,0.06741404968421692,LOW,Water Supply,40.87339887505122,-73.84945876491534
96,11,0.09090909090909091,0.0,0.09090909090909091,0.0005432355192628908,0.0547627487531597,LOW,Water Supply,40.82886101527499,-73.87611784307184
54,11,0.09090909090909091,0.0,0.09090909090909091,0.0004448207689609273,0.05472338285303892,LOW,Waste,40.620870259535124,-74.03497714037326
64,12,0.08333333333333333,0.08333333333333333,0.08333333333333333,0.010603336636024583,0.054241334654409834,LOW,Pothole,40.70482207284105,-73.89532270440769
65,12,0.08333333333333333,0.0,0.08333333333333333,0.0012153664653471164,0.05048614658613884,LOW,Water Supply,40.596688250635474,-74.06756617289393
1,79,0.0759493670886076,0.06329113924050633,0.0759493670886076,0.001278054956264296,0.04608084223567027,LOW,Water Supply,40.84685863749305,-73.93700006865035
55,18,0.05555555555555555,0.05555555555555555,0.05555555555555555,0.020633036924931986,0.04158654810330613,LOW,Water Supply,40.88541676741171,-73.84952178322177
0,16,0.0625,0.0,0.0625,0.0006978135314218751,0.037779125412568754,LOW,Water Supply,40.88630437018819,-73.86224093076088
70,10,0.0,0.0,0.0,0.004556966670557499,0.0018227866682229998,LOW,Pothole,40.625199405530246,-73.93017913049944
